building,mean,min,max,total_kwh
admin,13.428571428571429,11.8,15.1,94.0
hostel,22.7,20.9,24.1,158.9
library,8.628571428571428,7.6,9.4,60.4
